OldWord,OldStem,NewWord,NewStem
abs tē,abs tē,ā tē,ā tē
annūntiō,annūnti,adnūntiō,adnūnti
appropinquō,appropinqu,adpropinquō,adpropinqu
exurgō,exurg,exsurgō,exsurg
exultātiō,exultātiō,exsultātiō,exsultātiō
exultō,exult,exsultō,exsult
iis,iis,eīs,eīs
iīs,iīs,eīs,eīs
intelligō,intelli,intellegō,intelle
mētībor,mētībor,mētiar,mētiar
metibor,metibor,mētiar,mētiar
sēmetipse,sēmetip,sēmet ipse,sēmet ip
semetipse,semetip,sēmet ipse,sēmet ip
